t,E,N,Q,C,iN,dP,P,blocked,dynamic_threshold,ethic_memory,novelty_pressure,P_ETOmega,dETOmega
1,1.2307944701032298,0.4012614652803027,0.615399705488244,0.017587959497256573,0.13862943611198905,2.126414164257044,2.126414164257044,0,1.0,0.0,0.8935812296708979,1.2247964088649677,1.2247964088649677
2,1.2735636042230976,0.15783360869685928,0.5928867100313143,0.4818483573905376,0.1388293361786058,2.3673029441632027,4.493717108420247,0,1.0,0.0,0.6321429767219108,2.3341241109732542,1.1093277021082866
3,1.2707589770767729,0.1504456580080003,1.2651193126391342,0.42968119283080597,0.30157054396502986,2.8144345965896833,7.30815170500993,0,1.0,0.0,1.1625411081193078,3.481792188258247,1.147668077284993
4,1.2885509623470113,0.17796775662584804,0.5903941833878443,0.514792654240863,0.13922973511274037,2.432475821488826,9.740627526498756,0,1.0,0.0,0.6502831033361235,4.559576034854736,1.077783846596489
5,1.237089593475714,0.1100866521800408,0.8582521532543642,0.4436840139687955,0.13943023397866466,2.50968217890025,12.250309705399005,0,1.0,0.0,0.7966883747835322,5.692850738540836,1.1332747036860993
6,1.315504067525681,0.10843721286881575,0.5856478575333308,0.4578852876520896,0.13963093244210056,2.3278434931378165,14.578153198536821,0,1.0,0.0,0.5769554988954804,6.772237323984917,1.0793865854440812
7,1.3200733382356233,0.11015245036755197,0.4687720625520908,0.43880623546840875,0.1398318305012553,2.1979722561224193,16.77612545465924,0,1.0,0.0,0.4851701004092246,7.925535913875749,1.1532985898908328
8,1.3068703647565558,0.10443413270550037,0.44487693373665493,0.4421375209255265,0.14003292815393772,2.1582860239702994,18.93441147862954,0,1.0,0.0,0.46033567969482436,8.937905285391276,1.012369371515526
9,1.2894516823903923,0.11495713437597452,0.5794724014934093,0.4098783312368733,0.1402342253975584,2.2535253240990913,21.18793680272863,0,1.0,0.0,0.578535055570702,10.03806135548885,1.1001560700975748
10,1.3250832057218425,0.2587255842562352,0.7911168645334081,0.39976099329181086,0.14043572222912945,2.6342509255741673,23.822187728302797,0,1.0,0.0,0.8916190758829619,11.368221267875,1.3301599123861503
11,1.3194301531941104,0.06758701039334834,1.1597638543016306,0.5031299942267153,0.1406374186452648,2.90927359347054,26.731461321773338,0,1.0,0.0,0.9953980938346529,12.894513662415527,1.5262923945405262
12,1.3453386224868011,0.08692572344809915,0.663494983417405,0.4819986145031019,0.14083931464218005,2.436918629213227,29.168379950986566,0,1.0,0.0,0.6177217101820232,13.827246820552253,0.9327331581367257
13,1.345818553301652,0.1946219561772986,1.2551558083562453,0.4596344196683856,0.33978801307798745,2.9154427244255943,32.08382267541216,0,1.0,0.0,1.1987466028622948,15.241865573982926,1.4146187534306738
14,1.3450479636201882,0.09295506910658267,0.9026978660428413,0.5477211262063191,0.14124370536122163,2.7471783196147093,34.83100099502687,0,1.0,0.0,0.8151133619408558,16.765069387217384,1.5232038132344572
15,1.3371851632778111,0.20490386092311977,0.9844987091975524,0.4646742450143281,0.14144620007378803,2.8498157783390234,37.68081677336589,0,1.0,0.0,0.9925028282811618,18.599538496229677,1.834469109012294
16,1.325168387489151,0.1660259417738095,0.8143760777385454,0.5076102266613244,0.14164889434801473,2.6715317393148155,40.352348512680706,0,1.0,0.0,0.8175268039646458,20.059519659661685,1.459981163432009
17,1.327104139027069,0.10672155926911486,0.638797721612306,0.47150547844806023,0.14185178817812646,2.402277110178424,42.75462562285913,0,1.0,0.0,0.6177597365589597,21.365021752937057,1.3055020932753734
18,1.3610536683372902,0.134016672375056,1.585123461555693,0.42649199949631444,0.5441703231775604,2.962515478586793,45.717141101445925,0,1.0,0.0,1.4021154416196104,22.58465992940567,1.2196381764686146
19,1.3321052006218317,0.09202529267457303,0.33075423989054187,0.6144929601131142,0.14225817448091388,2.2271195188191473,47.94426062026507,0,1.0,0.0,0.35662868458700653,23.994280980467273,1.409621051061602
20,1.4077608715136887,0.45560600760535147,0.9874755540997319,0.38985378188581693,0.3880481178251861,2.852648097279403,50.796908717544476,0,1.0,0.0,1.245586450885137,25.685172008528383,1.6908910280611087
21,1.3441950445007498,0.10911346613123207,0.642625832071188,0.5748450033713696,0.1426653589279883,2.528113987146551,53.32502270469103,0,1.0,0.0,0.6232141317881824,27.219598295312277,1.5344262867838934
22,1.411875348977988,0.2491817440918017,0.7152405547616563,0.45274376343118117,0.1428692504369667,2.6861721608256603,56.01119486551669,0,1.0,0.0,0.8213741879011267,28.59002573360766,1.3704274382953838
23,1.3543539766675026,0.12542257522508926,0.8462614363445158,0.5105892224063965,0.14307334145882153,2.6935538691846825,58.704748734701376,0,1.0,0.0,0.802431724300702,30.368425465465545,1.7783997318578844
24,1.3531794941311497,0.26594447281403194,0.7635357224384665,0.5103730496244113,0.14327763198499238,2.7497551070230672,61.454503841724446,0,1.0,0.0,0.876773050764805,32.00454226969561,1.6361168042300696
25,1.3922107982223504,0.14862462219897457,0.6337683538780584,0.5016309074657036,0.14348212200652116,2.532752559758566,63.98725640148301,0,1.0,0.0,0.6556393053014213,33.59519294877348,1.5906506790778656
26,1.3905427612841261,0.16912160633499992,0.8666803420015167,0.46508554119761375,0.1436868115140523,2.747743439304204,66.73499984078721,0,1.0,0.0,0.8624658799362134,35.05844017736419,1.4632472285907134
27,1.3412793982004627,0.20429149935238283,0.9230274402484221,0.5100692611108382,0.14389170049783265,2.834775898414273,69.56977573920149,0,1.0,0.0,0.9427134515511206,36.04456337585178,0.9861231984875887
28,1.3388880357677155,0.17741717260215104,0.6644875141115262,0.49872070377021693,0.14409678894771172,2.5354166373038978,72.10519237650539,0,1.0,0.0,0.7090071838913721,37.49760942205335,1.4530460462015702
29,1.291663745262035,0.11433881682754238,0.8513356618646886,0.4789736426942086,0.14430207685314164,2.5920097897953327,74.69720216630071,0,1.0,0.0,0.7954073463192932,38.73381977222247,1.23621035016912
30,1.3129172801778526,0.04899458348313895,0.9164300774879003,0.46671033037582027,0.1445075642031773,2.600544707321535,77.29774687362224,0,1.0,0.0,0.7821386454734591,40.39291874806305,1.659098975840588
31,1.2724514393312925,0.04258994998200829,1.2325918154798092,0.4514394973246062,0.17337665335233238,2.8256960487653835,80.12344292238762,0,1.0,0.0,1.0286634023658559,41.90223275037782,1.5093140023147686
32,1.2991561558689795,0.151950627433265,0.5757333270955017,0.4978230022578562,0.14491913719129987,2.379743975464302,82.50318689785193,0,1.0,0.0,0.6125372891096664,43.46739560204059,1.5651628516627665
33,1.3396700192691737,0.21796840143891286,0.7884623751143534,0.4508150621000709,0.14512522280551116,2.6517906351169995,85.15497753296893,0,1.0,0.0,0.8487383015303955,45.72757047472587,2.260174872685285
34,1.315366510042753,0.07492614904871532,0.6108866029686779,0.4965252108802142,0.1453315078165771,2.3523729651237835,87.5073504980927,0,1.0,0.0,0.5636354314236577,47.31977409290082,1.5922036181749513
35,1.3111956961478142,0.21634995055754822,0.683132352035123,0.46295424134647783,0.14553799221156785,2.528094247875395,90.0354447459681,0,1.0,0.0,0.7628558321856467,49.38975436110394,2.06998026820312
36,1.3025163127228296,0.19339886428752484,0.427423522678668,0.4581044499819443,0.14574467597715676,2.23569847369381,92.27114321966192,0,1.0,0.0,0.5353376824304592,50.677533643021256,1.2877792819173195
37,1.3285684767330719,0.07711888091949963,0.6626480960750234,0.4275335158346675,0.1459515590996206,2.3499174104626417,94.62106063012456,0,1.0,0.0,0.6072373577795184,52.84649896528345,2.1689653222621947
38,1.3367402059873095,0.1236322037004983,0.5217999601182477,0.4415834795672654,0.1461586415648397,2.277597207808481,96.89865783793304,0,1.0,0.0,0.5410721717950965,54.468181077381686,1.6216821120982363
39,1.283414564164929,0.18036026755866402,0.7933388980898695,0.37102752067989986,0.14636592335829812,2.481775327135064,99.38043316506811,0,1.0,0.0,0.8150313860305596,55.66826888350433,1.2000878061226452
40,1.3054725551493338,0.09183385755640502,0.5625144527338187,0.45134362454751675,0.1465734044650836,2.2645910855219906,101.6450242505901,0,1.0,0.0,0.54184541974346,57.304088267493434,1.6358193839891002
41,1.2636027259163203,0.07905543004398825,0.837951732392193,0.41240550021927863,0.14678108486988778,2.446234303701892,104.09125855429198,0,1.0,0.0,0.7494168159577428,59.04239913183261,1.7383108643391783
42,1.3074037648982149,0.05813917407298724,0.696885241541976,0.43682397303010617,0.14698896455700636,2.3522631889862784,106.44352174327827,0,1.0,0.0,0.6156473673065681,60.86462814369798,1.8222290118653695
43,1.3017123227976044,0.07454509614114682,1.1867540096679292,0.41342583832839996,0.1711453473858293,2.805291919549251,109.24881366282752,0,1.0,0.0,1.0239483038754902,62.78171522051418,1.917087076816204
44,1.271767376114421,0.1134371257564296,0.6006689152036304,0.49616807769290106,0.1474053217133901,2.3346361730539917,111.58344983588151,0,1.0,0.0,0.593972257919334,64.40664836501635,1.6249331445021724
45,1.3094836406556396,0.07794448578549229,0.7802737459747687,0.41550916146512384,0.1476137991492678,2.4355972347317567,114.01904707061327,0,1.0,0.0,0.7021634825653074,65.96078512463339,1.554136759617033
46,1.3654958238513415,0.06866108990612832,1.0438932006390709,0.4359191177279123,0.1478224758006852,2.766146756323768,116.78519382693703,0,1.0,0.0,0.9037756504173851,67.61255895276868,1.651773828135297
47,1.3176735683900047,0.05233792680697226,0.7518986076811572,0.4553139321715552,0.14803135164995995,2.4291926833997297,119.21438651033677,0,1.0,0.0,0.6538568129518981,69.84226676229065,2.229707809521965
48,1.3227220020155177,0.06116430522885609,0.8360099073370322,0.4371323532388076,0.14824042667901452,2.508788141141199,121.72317465147796,0,1.0,0.0,0.7299722310984819,71.95860436969852,2.116337607407871
49,1.335676701035254,0.09110164588017261,1.6157102561162624,0.4442631357043036,0.532119551642559,2.954632187093434,124.6778068385714,0,1.0,0.0,1.3836698507731826,73.90706900693165,1.9484646372331307
50,1.2948514380921583,0.14999653359231752,1.1993609396761955,0.5240449366332451,0.25814445953545184,2.910109388458465,127.58791622702987,0,1.0,0.0,1.109485285333274,75.99475212336013,2.0876831164284764
51,1.3908377739476783,0.10661319079267521,0.9520958582440712,0.47729285739724814,0.1488688466581569,2.7779708337235163,130.36588706075338,0,1.0,0.0,0.8682898773879322,78.1700754335527,2.175323310192562
52,1.3326023659834751,0.11090132296351911,0.5605057922011265,0.46703811924443245,0.1490787182176566,2.3219688821748967,132.68785594292828,0,1.0,0.0,0.5593059567244203,80.2666507303772,2.096575296824495
53,1.421863744156381,0.1386850523138295,0.7417172898812637,0.44675518068546916,0.14928878886062566,2.599732478176318,135.2875884211046,0,1.0,0.0,0.7320588842188405,82.66212622826046,2.395475497883272
54,1.3456052712235618,0.1319226532117506,0.6196565335351306,0.478829767262334,0.14949905856661858,2.426515166666158,137.71410358777075,0,1.0,0.0,0.627647880039855,84.96347221899745,2.301345990736988
55,1.3354674392037966,0.1113865769631485,0.6568379439131455,0.4261374855199066,0.14970952731479562,2.3801199182852018,140.09422350605595,0,1.0,0.0,0.6368569320936649,87.0734349847282,2.109962765730743
56,1.3380423866965845,0.05641987970610766,0.6886577883516691,0.473041824365286,0.14992019508392315,2.406241684035724,142.5004651900917,0,1.0,0.0,0.6073461103874429,89.05883719356142,1.985402208833228
57,1.3484903125294607,0.0687406490679769,0.5581309364185459,0.40230035025679634,0.1501310618523738,2.227531186420406,144.7279963765121,0,1.0,0.0,0.5152453982028137,90.55997977406976,1.5011425805083445
58,1.4263421979212698,0.07170723226025696,1.0291514100795573,0.4180888133739725,0.15034212759812646,2.7949475260369305,147.52294390254903,0,1.0,0.0,0.8950283603239029,92.09151642086591,1.5315366467961562
59,1.452500940318537,0.18882655033763254,0.7408012085256273,0.5099721119653685,0.1505533922987667,2.7415474188483984,150.26449132139743,0,1.0,0.0,0.7814675171581343,93.89574220203525,1.8042257811693356
60,1.3902477603407908,0.06352340264164881,0.9876519506510434,0.5108718498197226,0.15076485593148678,2.8015301075217187,153.06602142891916,0,1.0,0.0,0.8536449631624835,96.32714209251854,2.431399890483288
61,1.4131294681701576,0.10876430449506021,1.0291308133908772,0.47197731944394006,0.15097651847308588,2.8720253870269494,155.9380468159461,0,1.0,0.0,0.932068955207762,98.17784093260286,1.8506988400843265
62,1.4338107523853627,0.05033811873469112,0.6608106889325005,0.5167003955274674,0.15118837989997028,2.5104715756800515,158.44851839162615,0,1.0,0.0,0.5789866698806915,100.38556460262336,2.2077236700204956
63,1.4248617252186457,0.06411014611807145,0.4073464465828073,0.44559870229399196,0.15140044018815363,2.1905165800253625,160.6390349716515,0,1.0,0.0,0.3899873033843173,102.58886258806903,2.2032979854456785
64,1.4007149391929958,0.09016540574487933,0.829314385972121,0.36970458499497144,0.1516126993132569,2.5382866165917113,163.17732158824322,0,1.0,0.0,0.7536169145225762,104.57984304510587,1.990980457036834
65,1.406783507393456,0.0941599741433954,1.0976966215358304,0.5114582050150055,0.15182515725050894,2.9582731508371785,166.1355947390804,0,1.0,0.0,0.9723172713720597,106.78683772295902,2.2069946778531424
66,1.4569354449082315,0.4659557988537406,0.6259884225806555,0.5127276525134975,0.15203781397474625,2.9095695048813788,169.04516424396178,0,1.0,0.0,0.966746536918265,109.03042950626077,2.2435917833017487
67,1.392531354304622,0.15009336239503568,0.5762561513709957,0.547273881064415,0.15225066946041363,2.5139040796746546,171.55906832363644,0,1.0,0.0,0.6110982834918323,111.25227094067024,2.221841434409471
68,1.4241538479387204,0.15368651036156183,0.363483744102138,0.4766411902932549,0.152463723681564,2.265501569014111,173.82456989265054,0,1.0,0.0,0.44447350564327226,113.59066637708524,2.338395436414999
69,1.4244826153517998,0.12605050725919997,0.7387071633095637,0.4336606309713889,0.15267697661185878,2.5702239402800933,176.39479383293065,0,1.0,0.0,0.7170162379068509,116.23675096811932,2.646084591034087
70,1.4337407900546841,0.13698087103365303,1.2048520481857696,0.45443134716704087,0.25375293780683694,2.9762521186343105,179.37104595156495,0,1.0,0.0,1.1008625095822688,118.80458553276215,2.5678345646428227
71,1.438864204968995,0.1317207289395386,0.828580676260888,0.5369287903227363,0.15310407849257113,2.782990321999587,182.15403627356454,0,1.0,0.0,0.7945852699482491,120.98267941439845,2.1780938816363045
72,1.4452196393025947,0.10199402715546033,1.0827269403895077,0.529166697961811,0.15331792738835587,3.005789377421018,185.15982565098557,0,1.0,0.0,0.9681755794670666,123.29650165193497,2.3138222375365296
73,1.4281621007709708,0.10540410336513727,0.7191837651649976,0.5288611093018627,0.1535319748840199,2.6280791037189486,187.78790475470453,0,1.0,0.0,0.6807511154971354,125.08641751700446,1.7899158650694904
74,1.3526255095560382,0.050372374535307636,1.344376131834166,0.48145024521727703,0.27961950095391075,2.9492047601888784,190.7371095148934,0,1.0,0.0,1.1258732800026405,127.76324948549554,2.676831968491066
75,1.430871081582903,0.10388389728020075,0.6094444526249005,0.5232589278702307,0.15396066556142368,2.513497693796811,193.2506072086902,0,1.0,0.0,0.5914394593801212,130.50421848717357,2.7409690016780366
76,1.427654081769667,0.17942493004316057,0.5441815974215622,0.47250893096911645,0.15417530868540713,2.469594231518099,195.7202014402083,0,1.0,0.0,0.6147702079804104,132.633242018518,2.1290235313444263
77,1.4471365131742984,0.08782934629561737,1.0271622555186328,0.4724077363891331,0.15439015029375763,2.8801457010839244,198.60034714129225,0,1.0,0.0,0.9095591507105236,135.2593741114609,2.6261320929428993
78,1.4312944452487333,0.0905713897599737,0.5509709319399152,0.5409828426310329,0.15460519035662276,2.459214419223033,201.05956156051528,0,1.0,0.0,0.5313481353119058,137.98425912622167,2.724885014760792
79,1.4180379078105918,0.06893616518792288,0.5076307604426459,0.40717875840911727,0.1548204288437607,2.2469631630065168,203.3065247235218,0,1.0,0.0,0.4750407735420396,140.85670225371197,2.8724431274902917
80,1.4461218886260312,0.10891485378051707,0.7137364596813306,0.4240419363851709,0.15503586572454076,2.537779272748509,205.8443039962703,0,1.0,0.0,0.6799040215255816,143.38624413503717,2.5295418813251898
81,1.4118145957298174,0.16916991333439133,0.5322285283678266,0.45314113248423554,0.1552515009679432,2.4111026689483275,208.25540666521863,0,1.0,0.0,0.5949527360286526,145.86558223892337,2.4793381038862057
82,1.508851768187461,0.05872462891561743,0.8465268283840128,0.48441938475561547,0.15546733454256,2.7430552757001463,210.9984619409188,0,1.0,0.0,0.7359460916228278,148.31764652656528,2.4520642876419134
83,1.3983140362407622,0.13394267777732002,0.832979247290136,0.5240902167785991,0.15568336641659453,2.7336428116702227,213.732104752589,0,1.0,0.0,0.8003260756094288,151.51462149860077,3.1969749720354907
84,1.4683441433186988,0.12179506931854694,0.4537243365985845,0.4816525826140733,0.1558995965578623,2.369616535292041,216.10172128788105,0,1.0,0.0,0.4847745385974146,153.99762437131804,2.4830028727172593
85,1.4436836361839394,0.11836996672458706,0.9027489131933543,0.46621728617563213,0.15611602493379095,2.7749037773437215,218.87662506522477,0,1.0,0.0,0.8405690972792705,156.9206308094298,2.9230064381117797
86,1.4356209478443964,0.059295592008184884,0.8543766410993978,0.5049367892031011,0.15633265151142053,2.6978973186436592,221.57452238386844,0,1.0,0.0,0.7427969048877032,159.82494738060672,2.9043165711768952
87,1.4199728029217085,0.06994918425717764,1.0130672609710174,0.47564829289702326,0.15654947625740387,2.822088064789523,224.39661044865795,0,1.0,0.0,0.8804029930339916,162.2722476786328,2.44730029802607
88,1.396563162781598,0.08015943205833366,0.8018789894505012,0.45272168988107436,0.15676649913800667,2.5745567750335008,226.97116722369145,0,1.0,0.0,0.7216626236187347,164.68460361084504,2.4123559322122605
89,1.4000588706718675,0.1488885809907645,0.649400997937872,0.48337185917129566,0.15698372011910797,2.524736588652692,229.49590381234415,0,1.0,0.0,0.6684093793410621,167.3862460035583,2.7016423927132647
90,1.4392787137523277,0.03622533727227832,0.3004160215804856,0.5044468266128349,0.15720113916620027,2.1231657600517266,231.6190695723959,0,1.0,0.0,0.2765581545366668,170.08484776643644,2.698601762878123
91,1.3562794075335256,0.046246813789104425,0.43600726809546597,0.3800182357705715,0.15741875624438978,2.0611329689442774,233.68020254134015,0,1.0,0.0,0.39505262826547727,173.1167335371812,3.0318857707447715
92,1.4058404812892022,0.10862090148515872,0.8774329032151822,0.4201349000853296,0.15763657131839692,2.6543926147564756,236.33459515609664,0,1.0,0.0,0.8105672240573045,175.80871944435847,2.6919859071772683
93,1.3469280411065692,0.07193128990278833,0.8531065284658209,0.4740477173072339,0.15785458435255634,2.5881589924298556,238.9227541485265,0,1.0,0.0,0.7544165126754451,177.94808113574464,2.139361691386178
94,1.3901509280030433,0.1626649934513578,0.31304881854542826,0.4878522623981996,0.15807279531081725,2.1956442070872115,241.11839835561372,0,1.0,0.0,0.4131040482877004,180.45396987309363,2.5058887373489815
95,1.3914471690660755,0.15521367687517706,0.5419434688190604,0.40365251604381336,0.15829120415674391,2.333965626647382,243.4523639822611,0,1.0,0.0,0.5887684519304255,183.19413889688164,2.7401690237880008
96,1.3539650666514331,0.11045571375068776,0.961106168721964,0.45576787760871745,0.15850981085351562,2.722785015879287,246.17514899814037,0,1.0,0.0,0.879340648728259,186.28949138071437,3.0953524838327326
97,1.3720975812463898,0.0541051189001522,0.8695786193728676,0.521036427029396,0.15872861536392724,2.6580891311848784,248.83323812932525,0,1.0,0.0,0.7497680143984464,188.82882226805293,2.5393308873385765
98,1.3803552410946123,0.15613973771360587,0.5207041734603718,0.49423489848297003,0.15894761765038937,2.3924864331011704,251.22572456242642,0,1.0,0.0,0.5727030764819033,191.53072176019325,2.70189949214032
99,1.3595168058860103,0.11029528174072821,0.9251679975226342,0.45042113534694833,0.15916681767492868,2.6862344028213925,253.9119589652478,0,1.0,0.0,0.8504296797588357,194.7030813149039,3.172359554710647
100,1.3791924438215961,0.2688706721107181,0.5812744494417228,0.4698706837508776,0.1593862153991882,2.5398220337257262,256.4517809989735,0,1.0,0.0,0.7338902316640963,197.56780792006364,2.8647266051597366
101,1.3838185019255054,0.04272013209444126,0.7333875758016158,0.4610750695939488,0.15960581078442765,2.4613954686310837,258.9131764676046,0,1.0,0.0,0.629430192735734,200.7456533647776,3.177845444713963
102,1.3973359878263492,0.14076733838493038,1.053284502362317,0.41705041857339165,0.15982560379152366,2.8486126433554646,261.7617891109601,0,1.0,0.0,0.983394940274784,203.50933871539982,2.763685350622207
103,1.3978806672865232,0.05339127550755722,0.5922088245948108,0.5255574499182336,0.16004559438097019,2.408992622926155,264.17078173388626,0,1.0,0.0,0.5271583351834059,206.01960945183413,2.510270736434307
104,1.3870109386518212,0.07621848456453426,1.3994573141963937,0.43466118574164475,0.35605011843452783,2.9412978047198663,267.1120795386061,0,1.0,0.0,1.1957843359216491,208.813636217114,2.7940267652798916
105,1.3598668865737464,0.12791084505833675,1.1029084767128756,0.5060753380144584,0.17072379457561604,2.926037751783801,270.0381172903899,0,1.0,0.0,1.0102376264286372,212.0147335312167,3.201097314102696
106,1.4156952347667293,0.06572679604455427,0.7767447540967468,0.5170986822777955,0.16070675124261796,2.6145587159432075,272.6526760063331,0,1.0,0.0,0.6871225993219517,215.0673748071151,3.052641275898396
107,1.419263729945889,0.21182837247565794,0.7403979544482292,0.4741766207387117,0.16092753175876245,2.6847391458497256,275.3374151521828,0,1.0,0.0,0.8041467360342414,218.0429089859377,2.9755341788225764
108,1.4614784283470243,0.08549862016915175,1.0699034516910846,0.49384307440148684,0.1611485096539973,2.9495750649547503,278.28699021713754,0,1.0,0.0,0.9414213815220195,221.12850759622205,3.0855986102843787
109,1.406876959495735,0.14919482940744988,1.3337799519775744,0.547840342604849,0.3775884758760363,3.0601036076095727,281.3470938247471,0,1.0,0.0,1.2162187909895095,223.57126428903706,2.4427566928149984
110,1.4616688060499505,0.16896030565613615,0.8113056954293748,0.5741634561508889,0.16159105741417462,2.8545072058721757,284.20160103061926,0,1.0,0.0,0.8180048619996361,226.60000322285268,3.0287389338156054
111,1.4313348231582907,0.07185183354605089,0.40347007500809057,0.4957779698539309,0.16181262719438438,2.240622074371979,286.4422231049912,0,1.0,0.0,0.39462789355252337,230.02104681082596,3.4210435879732826
112,1.4901755232091392,0.10229275092163237,1.4129020075072625,0.4183255406520273,0.3946487511116624,3.029047071178399,289.47127017616964,0,1.0,0.0,1.2326143569274426,233.40398141430916,3.3829346034831955
113,1.5239870476796442,0.1136911328170988,1.0215988622446792,0.5490019527694268,0.16225635834036534,3.0460226371704833,292.51729281334013,0,1.0,0.0,0.9309702226128422,236.55856218881434,3.1545807745051695
114,1.4099642115886566,0.11465408837008802,1.2309387942742205,0.5712364565156619,0.2618836434085904,3.0649099073400365,295.5822027206802,0,1.0,0.0,1.0994051237894644,239.65889567555342,3.1003334867390944
115,1.474351121828429,0.12661181729118237,0.5927473782031161,0.5225711212206526,0.1627008779764281,2.553580560566952,298.13578328124714,0,1.0,0.0,0.6008097198536753,242.68671238504103,3.027816709487615
116,1.445330835126503,0.12620532136360332,0.775122585596601,0.4843085458766868,0.1629234333678196,2.6680438545955747,300.8038271358427,0,1.0,0.0,0.7463033898408841,245.48404448044988,2.797332095408837
117,1.545722978146348,0.11583968210467584,0.5990207870722919,0.4834708745243973,0.16314618574847017,2.580908136099243,303.38473527194196,0,1.0,0.0,0.5950563117625094,248.57543173139032,3.091387250940438
118,1.4103008691882268,0.09822833963491892,0.7184133188323621,0.4964560948499313,0.16336913507317194,2.560029487432267,305.9447647593742,0,1.0,0.0,0.6729589947008087,252.189063705558,3.613631974167669
119,1.5596503125207466,0.07087436251970357,0.8693574212769519,0.4942109735584855,0.1635922812963394,2.830500788579548,308.7752655479538,0,1.0,0.0,0.7663602995412652,255.72461273863334,3.535549033075352
120,1.481546394441021,0.13986637945804112,0.4437399170102122,0.5317315116149699,0.1638156243720102,2.4330685781522337,311.208334126106,0,1.0,0.0,0.49485831306621086,259.13941666622935,3.4148039275960076
121,1.4994506881429552,0.1162353711417249,0.5422692008955141,0.46132325732536267,0.16403916425384515,2.4552393532517116,313.66357347935775,0,1.0,0.0,0.5500507318581362,262.289526485974,3.150109819744699
122,1.5158279322515693,0.05674295913286541,0.7145881463612033,0.45764378331515326,0.16426290089512882,2.5805399201656627,316.2441133995234,0,1.0,0.0,0.6284134762218281,265.8682232737658,3.5786967877917926
123,1.4503204155392633,0.16681674374345323,0.4390949836240599,0.48888323406775125,0.16448683424876978,2.380628542725758,318.62474194224916,0,1.0,0.0,0.5180927306427012,268.8896177751466,3.021394501380743
124,1.492309676216873,0.10647716688303252,0.7906108005720308,0.4514951442595317,0.16471096426730103,2.6761818236641672,321.30092376591335,0,1.0,0.0,0.7389658073406572,272.3039720314997,3.4143542563531555
125,1.5261739824682348,0.1130715353082311,2.0111861342250568,0.5137601563273295,0.8869557335911569,3.2772360747376945,324.57815984065104,0,1.0,0.0,1.7220204426882766,275.8070789917177,3.503106960217944
126,1.5640547778092722,0.03800498001953809,0.9088722390808432,0.6828999494408479,0.16515981410729053,3.028672132243211,327.60683197289427,0,1.0,0.0,0.7651027712842128,278.6425755206197,2.8354965289020257
127,1.532140829459823,0.09957881279143693,0.5164453947191885,0.5105508659620301,0.16538453383194016,2.493331369100539,330.1001633419948,0,1.0,0.0,0.5127351285667878,281.9849511188077,3.3423755981880205
128,1.5709119507678797,0.13893203998820655,0.5495012419489143,0.4504828738282275,0.1656094500278635,2.544218656505365,332.6443819985002,0,1.0,0.0,0.578533033547338,284.9908144022358,3.0058632834280736
129,1.568579974113736,0.07978662096179404,0.4145139690282175,0.4916002646797582,0.16583456264572127,2.3886462661377843,335.033028264638,0,1.0,0.0,0.4113977961843681,287.90439886936025,2.9135844671244455
130,1.5430934399409248,0.0787237164416763,0.7314183848011278,0.46886484611444723,0.16605987163580066,2.6560405156623754,337.6890687803004,0,1.0,0.0,0.6638584242825786,291.1243363589558,3.2199374895955666
131,1.51483295323171,0.05378601795020371,1.4549067446090092,0.48701356038813765,0.38399679058542713,3.1265424855936335,340.815611265894,0,1.0,0.0,1.217711413637411,295.052866139132,3.9285297801761554
132,1.5362122161270781,0.2569700688550271,0.6473493939861981,0.5537644088438413,0.16651107853190944,2.8277850092802352,343.64339627517427,0,1.0,0.0,0.7748495840439855,298.64838961834323,3.5955234792112214
133,1.5107196705751837,0.1433776813224828,1.1095400853511732,0.5186287993598033,0.19774672594007167,3.0845195106685717,346.72791578584287,0,1.0,0.0,1.0310097496034214,302.12807452850075,3.4796849101575056
134,1.5208166752798917,0.10763830998924413,0.6058955350936808,0.5444441850219769,0.16696307031103652,2.611831635073757,349.33974742091664,0,1.0,0.0,0.5923547380641888,305.78468875735814,3.65661422885739
135,1.4804236483836148,0.14762922024556788,0.5980334233493195,0.4715379132368933,0.16718936040349472,2.530434844811901,351.87018226572854,0,1.0,0.0,0.6260559589250235,309.36678397863466,3.5820952212765453
136,1.5667934052069368,0.302805640211744,0.3651048712763767,0.4574330267082325,0.16741584656208042,2.5247210968412093,354.3949033625698,0,1.0,0.0,0.5948895372328453,313.22991753876295,3.8631335601282766
137,1.5950777042976834,0.08907941306870525,0.9741723214107244,0.5422849755336845,0.16764252873447866,3.032971885576319,357.4278752481461,0,1.0,0.0,0.8684172701972849,316.902484782799,3.6725672440360246
138,1.4328472920249622,0.07011340945331584,2.973629363071089,0.5367955278210029,1.6168863067781913,3.396499285592178,360.8243745337383,0,1.0,0.0,2.449016899910187,320.1982352708415,3.2957504880425295
139,1.4911348330710106,0.10210673364283143,0.4564165673821614,0.7569845482979848,0.16809648090960239,2.6385462014843863,363.46292073522267,0,1.0,0.0,0.46723998754856055,323.7721952080399,3.5739599371983553
140,1.5242948115310522,0.04532615631567707,0.6124801050119077,0.45014589343313904,0.1683237508058488,2.463923215485927,365.9268439507086,0,1.0,0.0,0.5353102403252032,326.83896387666186,3.066768668621982
141,1.5264589709699012,0.14586806399484342,0.8917830657434137,0.4466187030471453,0.16855121650295035,2.842177587252353,368.76902153796095,0,1.0,0.0,0.8592945165895745,330.41586248120365,3.5768986045417734
142,1.4868941051530982,0.12047767592342258,0.849714589392337,0.4888000718044185,0.1687788779467454,2.7771075643265304,371.54612910228747,0,1.0,0.0,0.8002493474372923,334.28140878519054,3.865546303986897
143,1.4671888979296233,0.14697631361745914,0.5238480930544996,0.5159248063482542,0.1690067350827043,2.4849313758671316,374.0310604781546,0,1.0,0.0,0.5660547880610589,337.55283200256105,3.2714232173705198
144,1.440673262714939,0.20608364662956488,0.6470298687244243,0.4577861836480713,0.1692347878559296,2.58233817386107,376.61339865201563,0,1.0,0.0,0.7237075416091043,341.3527904055076,3.7999584029465665
145,1.4360110303622413,0.047936315345467176,1.0361652105342174,0.4979026842862118,0.16946303621115677,2.8485522043169813,379.46195085633263,0,1.0,0.0,0.8768684837728411,344.8114226506271,3.4586322451194476
146,1.4162320333086134,0.1393428520268279,0.6471905470627227,0.49150808010641134,0.16969148009275437,2.524582032411821,381.9865328887445,0,1.0,0.0,0.6570952896770061,348.43670465919905,3.6252820085719475
147,1.490565921420052,0.14316143093177128,0.5074489757982286,0.479988953872223,0.16992011944472463,2.45124516257755,384.437778051322,0,1.0,0.0,0.5491206115703542,352.8454712142141,4.408766555015045
148,1.4898965987699475,0.027694022677215012,0.6481204782369265,0.4707609180818886,0.17014895421070386,2.466323063555274,386.9041011148773,0,1.0,0.0,0.5461904052667562,356.491463069195,3.6459918549809003
149,1.419931136834713,0.1611688538181602,0.9164161899207535,0.4371740270138047,0.17037798433396278,2.7643122232534685,389.66841333813073,0,1.0,0.0,0.8943018057547629,360.29187748422703,3.8004144150320203
150,1.4091346171366599,0.11390028166546348,0.27869758576798687,0.510955252746704,0.17060720975740723,2.142080527559407,391.81049386569015,0,1.0,0.0,0.336858350279853,364.47132392511463,4.179446440887619
151,1.4250461306187732,0.12024573492575914,0.6035149790900871,0.41087332108596947,0.17083663042357822,2.3888435352970108,394.19933740098713,0,1.0,0.0,0.6030577181978288,368.04011535508477,3.568791429970143
152,1.4498484761251824,0.10487560999032877,0.9686323850013019,0.4238989155476318,0.17106624627465267,2.776189140389792,396.97552654137695,0,1.0,0.0,0.8797815179913703,371.5802079580442,3.5400926029594055
153,1.4562160656514525,0.11785234670572438,0.39424078452033334,0.48255520090219706,0.1712960572524438,2.2795683405272635,399.2550948819042,0,1.0,0.0,0.43324497432199105,375.37547381034676,3.79526585230259
154,1.44788666606222,0.16850711563998735,1.3213704860186393,0.45147739762333805,0.3971295677533002,2.9921120975908844,402.2472069794951,0,1.0,0.0,1.2256035044548987,379.5537659146219,4.178292104275166
155,1.4749914575958503,0.10461256802152268,1.0166242498846942,0.5724557118544746,0.1717562643536127,2.9969277230029294,405.24413470249806,0,1.0,0.0,0.9179119679292781,383.5507709843076,3.997005069685672
156,1.4598773228456117,0.13524968541691545,0.49128538040430686,0.5260872481791552,0.17198666035880228,2.4405129764871867,407.68464767898524,0,1.0,0.0,0.5282779897403609,387.0910667125359,3.5402957282283305
157,1.4292568704986273,0.14685110068291507,0.6364246856194475,0.4733931744519768,0.17221725125433293,2.5137085799986343,410.1983562589839,0,1.0,0.0,0.6559908491784732,391.49471465381043,4.403647941274507
158,1.4050797615582251,0.06976974462247834,0.7015575284222678,0.4809091014292475,0.17244803698020594,2.4848680990520133,412.6832243580359,0,1.0,0.0,0.6310157673602926,395.62224607200795,4.127531418197505
159,1.3952394977783134,0.08321499359977039,0.9837276887530718,0.455760325224055,0.17267901747606168,2.745263487879149,415.428487845915,0,1.0,0.0,0.8701971446022279,399.6989718404214,4.076725768413455
160,1.4431509353116316,0.05794764218901386,0.36206768506994386,0.5007248618133643,0.17291019268117985,2.1909809317027737,417.6194687776178,0,1.0,0.0,0.34760179024496896,403.9593773949926,4.260405554571186
161,1.4624818893955385,0.172903650858921,0.5578984351074877,0.43690838401585325,0.17314156253448015,2.4570507968433204,420.0765195744611,0,1.0,0.0,0.6192223989449113,407.79746630769864,3.8380889127060493
162,1.488867684983144,0.07599095141652061,0.8836215570512058,0.5066013266583101,0.17337312697452267,2.781708393134658,422.8582279675957,0,1.0,0.0,0.7828881970574852,411.7645852929005,3.9671189852018807
163,1.4747705379407108,0.1301068421904483,0.6046658438476229,0.5171181498829721,0.17360488593950849,2.553056487922246,425.41128445551794,0,1.0,0.0,0.6138395172685467,415.86966811507057,4.105082822170033
164,1.4502528536604835,0.11251688762697477,1.3153372015413287,0.46924178967911306,0.3386234882273176,3.0087252442805825,428.4200096997985,0,1.0,0.0,1.1647866488600378,420.11976532406675,4.2500972089962055
165,1.4706751259253052,0.12207938333063334,1.7728154629575545,0.5412243102695693,0.7144007408919978,3.1923935415910645,431.6124032413896,0,1.0,0.0,1.540331753696677,423.81276906827975,3.6930037442130015
166,1.477411457292994,0.11558016639441637,0.5428475900608601,0.6333402570255068,0.174301329360758,2.594878141413019,434.2072813828026,0,1.0,0.0,0.5498582384431046,427.8511818303598,4.038412762080062
167,1.4672187322792443,0.19601133974205223,1.8922515653406486,0.44455218972738586,0.8843464578149318,3.115687369274399,437.322968752077,0,1.0,0.0,1.7098125920145713,432.1265650218877,4.275383191527915
168,1.5131814492300026,0.11171103595312269,1.249650506076651,0.6175289038923489,0.2861980372649845,3.205873857887141,440.5288426099641,0,1.0,0.0,1.1114314408144434,436.2580462999456,4.131481278057901
169,1.496833053339138,0.26976953139804566,0.541093542931288,0.5627108762128328,0.17499952124735563,2.6954074826339487,443.224250092598,0,1.0,0.0,0.7026443657430761,440.50399753257614,4.245951232630532
170,1.502322734914938,0.10079256765954507,0.6694435717782196,0.5250952085900303,0.17523264012650497,2.6224214428162282,445.84667153541426,0,1.0,0.0,0.6363474250821207,444.5619856008525,4.057988068276341
171,1.5794234813878685,0.07390378127443839,0.3700139923557279,0.4685784012819212,0.17546595302333423,2.316453703276622,448.1631252386909,0,1.0,0.0,0.3699149751590207,448.4751874265251,3.9132018256726395
172,1.5379446693379724,0.14164559720513378,1.2991317222428527,0.4588015862857116,0.35665043487225,3.080873140199421,451.2439983788903,0,1.0,0.0,1.180950974999416,452.81545409340583,4.340266666880728
173,1.5316872421151626,0.18978091528974966,6.635472887810725,0.56155739241874,4.67409238614797,4.244406051486408,455.4884044303767,0,1.0,0.0,5.4981592255383305,456.85921158275477,4.043757489348955
174,1.4769534037855472,0.1737912788012599,0.6709435393292952,1.255901552605173,0.17616705516803588,3.4014227193532394,458.88982714972997,0,1.0,0.0,0.710546110264696,460.99930820297703,4.140096620222279
175,1.5735541682471437,0.09910972129536012,0.6036346512260932,0.4709923458086276,0.1764011434819498,2.570889743095275,461.46071689282525,0,1.0,0.0,0.5820174422762346,465.6781298101228,4.678821607145771
176,1.501976891130587,0.19028302731530125,1.372503088448861,0.4620135174319769,0.46492092355934855,3.0618556007673776,464.52257249359263,0,1.0,0.0,1.28828549807439,469.77823272925235,4.100102919129559
177,1.6034709060346406,0.09007827495950609,1.6383478699234126,0.5393743555541048,0.5776264720085225,3.293644934463142,467.8162174280558,0,1.0,0.0,1.4007565708982364,473.8921152120422,4.1138824827898555
178,1.5580191469978728,0.26075278878767033,0.7956854414029332,0.6355074376619642,0.17710457029080506,3.072860244559635,470.88907767261543,0,1.0,0.0,0.897301141910017,478.04322736579434,4.151112153752148
179,1.644600689965659,0.09663805739711859,0.7444163771565945,0.5575431415456177,0.17733943295903667,2.8658588331059534,473.7549365057214,0,1.0,0.0,0.6921711591223942,482.7055909170075,4.6623635512131685
180,1.5350345685980977,0.12273047972114082,1.8416085666554636,0.5245603005272538,0.7735918220926632,3.2503420934092926,477.0052785991307,0,1.0,0.0,1.5960173330455119,486.6934511082271,3.9878601912196485
181,1.6094559363100827,0.07054431392664479,0.8619098696182326,0.6209386413010962,0.17780973848696946,2.9850390226690875,479.99031762179976,0,1.0,0.0,0.7600722096212309,490.607875325983,3.9144242177558937
182,1.5975182618072856,0.1880711431545741,1.5989076576898922,0.5199830371504751,0.6452424505164494,3.2592376492857777,483.2495552710855,0,1.0,0.0,1.4671972693064879,494.64711781569844,4.039242489715431
183,1.556838201335712,0.09803797450366744,0.9102146109886334,0.640786728535346,0.17828081714724892,3.02759669821611,486.2771519693016,0,1.0,0.0,0.8262096632945742,499.4699520960902,4.822834280391787
184,1.5755874871985325,0.14848267984397048,0.6866261268113234,0.5336718558703873,0.17851664622960453,2.765851503494609,489.0430034727962,0,1.0,0.0,0.6977835812930292,503.93417646479,4.464224368699804
185,1.5782488605798137,0.10050096767885007,0.6302065844669588,0.5226604711693775,0.17875266838745307,2.6528642155075466,491.69586768830374,0,1.0,0.0,0.6046662352524171,508.75478981189747,4.820613347107459
186,1.5750689168997376,0.07276142535876262,0.9008508537577017,0.4519212841841296,0.17898888355087159,2.8216135966494598,494.5174812849532,0,1.0,0.0,0.793442108364924,512.9039216288567,4.149131816959143
187,1.6366080846894424,0.08970914517938014,1.2390050957959513,0.5041976316371126,0.26013851346573136,3.2093814438361554,497.72686272878934,0,1.0,0.0,1.0809132218161412,517.4168904644152,4.512968835558623
188,1.559776357331483,0.07012331878738985,0.6360370086707625,0.6385274704167078,0.17946189261299228,2.7250022625933505,500.4518649913827,0,1.0,0.0,0.5789529257239999,521.9048080704481,4.487917606032901
189,1.6091651284113109,0.1577873329696805,0.6361894303003007,0.45013185587295,0.17969868637011552,2.6735750611841267,503.12544005256683,0,1.0,0.0,0.6667388772099211,526.293703139636,4.388895069187949
190,1.543641802152732,0.10180675068310416,0.7738946501413708,0.512597141000325,0.17993567284965195,2.7520046711278803,505.87744472369474,0,1.0,0.0,0.7209224707962009,530.7358636895569,4.442160549920894
191,1.5522024015847784,0.11094866274303307,1.0409086911829093,0.5060930161277623,0.1801728519799488,3.029979919658534,508.9074246433533,0,1.0,0.0,0.9436756156893605,535.2118646933142,4.476001003757251
192,1.6008390767199194,0.20288362987319747,1.3185892326730944,0.5020504826636684,0.43816523970068194,3.1861971822291975,512.0936218255825,0,1.0,0.0,1.257755016011673,539.4028365384722,4.190971845158071
193,1.587558328209701,0.12207826749663,0.8721430216605371,0.6037251145012359,0.1806477879044912,3.0048569439636132,515.0984787695462,0,1.0,0.0,0.8197926848250597,544.2208137784831,4.817977240010878
194,1.5902303179536632,0.11539191177068626,1.0197465857895294,0.5472970488852281,0.18088554455371147,3.091780319845396,518.1902590893916,0,1.0,0.0,0.9311891804023098,549.114426081697,4.893612303213844
195,1.6177067355656163,0.14837277928446854,0.6970708177048953,0.5503745199204949,0.18112349356364274,2.832401358911832,521.0226604483034,0,1.0,0.0,0.7060294334483849,554.0657098697551,4.951283788058035
196,1.5067648017346944,0.14390441749541327,0.5613938881764466,0.5690665249011497,0.1813616348609158,2.599767997446788,523.6224284457502,0,1.0,0.0,0.5930195280365707,558.2614565541278,4.195746684372661
197,1.499321146186373,0.10395376721012377,0.8279368317158952,0.49002066964261215,0.1815999683718199,2.7396324463831845,526.3620608921334,0,1.0,0.0,0.7663032325828399,562.6301156948925,4.368659140764721
198,1.5944059043420789,0.18177273041664027,1.368852737448482,0.5079691269161851,0.45869341439772915,3.1943070847256574,529.5563679768591,0,1.0,0.0,1.276854920375426,567.1846821185593,4.554566423666717
199,1.5138518383625459,0.07073584333061139,0.7973857468066131,0.6168056149080039,0.18207721173797328,2.8167018316698007,532.3730698085288,0,1.0,0.0,0.7086444407759018,572.0386287097616,4.853946591202364
200,1.551407228284406,0.07501462468285872,1.2780983151696743,0.5165859373537923,0.279809398262696,3.1412967072280353,535.5143665157568,0,1.0,0.0,1.097493276818598,576.3384844078028,4.299855698041167
201,1.5246738670049154,0.11967374699985306,0.7100290620329657,0.5543081863866854,0.18255522306560545,2.726129639358814,538.2404961551156,0,1.0,0.0,0.6876969966262256,581.3372458058651,4.998761398062383
202,1.5016780513276147,0.10877113250831749,0.9461099860554727,0.4967378736317009,0.18279451652708534,2.8705025269960203,541.1109986821116,0,1.0,0.0,0.8656591213526957,586.0035584858975,4.666312680032434
203,1.4926504712488802,0.10707783950103472,0.7222621571037546,0.5341618902570299,0.18303400175278886,2.673118356357911,543.7841170384695,0,1.0,0.0,0.6848875651840385,590.5144965347432,4.510938048845658
204,1.5099538662013177,0.070557070748956,1.4707668174603252,0.4522585573274525,0.4304442033838458,3.0730921083542055,546.8572091468237,0,1.0,0.0,1.2471705247172162,595.6634445794535,5.148948044710317
205,1.5079954522133727,0.08384652646142343,0.45843675828543623,0.5705223667641341,0.18351354719218405,2.4372875565321825,549.2944967033559,0,1.0,0.0,0.4505959330897724,600.5347377449538,4.871293165500208
206,1.496818838911546,0.10816907417045868,0.8284197988666144,0.46543828031474055,0.1837536072526921,2.7150923850106676,552.0095890883665,0,1.0,0.0,0.7709049132637502,604.9127240016786,4.377986256724866
207,1.5389550267960137,0.09878373641218137,0.7575113434105137,0.47920951721055005,0.18399385877105778,2.690465765058201,554.7000548534247,0,1.0,0.0,0.7047928111405924,609.5456221694917,4.632898167813107
208,1.4886228162817061,0.20484685030401395,0.6205102676807637,0.5278464587707395,0.18423430166984964,2.6575920913673734,557.3576469447921,0,1.0,0.0,0.7012550644486248,614.4428204096599,4.897198240168251
209,1.5098823596879727,0.030113331779083822,0.5347785105603459,0.5032298783381457,0.1844749358713015,2.3935291444942464,559.7511760892863,0,1.0,0.0,0.4579361402273605,619.1060920867875,4.663271677127601
210,1.4641828237330163,0.11812181963947797,0.7589159046195368,0.4265576294632631,0.18471576129731296,2.5830624161579814,562.3342385054443,0,1.0,0.0,0.7252545433351075,624.015949200374,4.909857113586512
211,1.5482562114115648,0.08864134432503351,1.5297801602100167,0.4738101934672382,0.4974222503624971,3.1430656590513557,565.4773041644956,0,1.0,0.0,1.3124654724930471,628.3703008418488,4.354351641474754
212,1.531815765428032,0.17475321339334896,0.5488320564905468,0.5764951431797185,0.18519798550894537,2.6466981929827007,568.1240023574784,0,1.0,0.0,0.6138188585857864,633.3149691915237,4.944668349674938
213,1.520677946280495,0.16158643994969488,0.5966970585576701,0.5117605245951697,0.18543938413669964,2.60528258524633,570.7292849427247,0,1.0,0.0,0.6389440867958309,638.1740053907972,4.859036199273563
214,1.5173562675465018,0.09777835872846764,1.7006700630694382,0.4819318469611134,0.6439953828572997,3.1537411534482214,573.8830260961729,0,1.0,0.0,1.4583144091840183,642.9830052427207,4.808999851923417
215,1.5143721403524522,0.11388199182409306,0.8503834612808243,0.6383748280663666,0.18592275403892783,2.931089667484808,576.8141157636577,0,1.0,0.0,0.7941887608487526,647.9425486010438,4.959543358323154
216,1.4985061278173846,0.14126878722267902,0.6262914556898489,0.4750501624148595,0.18616472515354565,2.554951807991226,579.3690675716489,0,1.0,0.0,0.6423019517745582,653.2358571964811,5.2933085954373205
217,1.4911552222571112,0.09263420596947905,0.5588353701498393,0.4574154707959654,0.18640688693671137,2.4136333822356835,581.7827009538846,0,1.0,0.0,0.5397025020893506,658.1404666927849,4.904609496303762
218,1.4837879983511288,0.10959362625029499,1.5628859481419628,0.4458879737885414,0.5465516240715375,3.0556039224603904,584.838304876345,0,1.0,0.0,1.3599023847638654,663.2547616445291,5.1142949517442515
219,1.5366747465450146,0.12108027950237293,0.7174740973341098,0.5823517068030473,0.18689178218534588,2.7706890479991984,587.6089939243442,0,1.0,0.0,0.6950595573696607,668.0077739413761,4.7530122968469115
220,1.555085141324537,0.10178295217579003,0.9006882057305471,0.4863272121526666,0.18713451548832272,2.8567489958952184,590.4657429202394,0,1.0,0.0,0.8223335167602277,672.6568451792078,4.64907123783179
