{
  "version_ts": 1755380262,
  "marco_zero": "01_Canon/01_MarcoZero/equac-a-odeturing-2-co-pia.pdf",
  "best_atual": "01_Canon/99_BestAtual/equa-o-de-turing-et-s-ntese-final-integrada.pdf",
  "ordem_evolucao": [
    "01_Canon/02_Evolucao_LinhaDoTempo/10-advertorial-salvo-mem-ria.pdf",
    "01_Canon/02_Evolucao_LinhaDoTempo/100-equac-a-o-de-turing-2-co-pia.pdf",
    "01_Canon/02_Evolucao_LinhaDoTempo/110-equa-o-de-turing-1.docx",
    "01_Canon/02_Evolucao_LinhaDoTempo/120-equa-o-de-turing-1.pdf",
    "01_Canon/02_Evolucao_LinhaDoTempo/130-equa-o-de-turing-3.pdf",
    "01_Canon/02_Evolucao_LinhaDoTempo/140-equa-o-de-turing-4.pdf",
    "01_Canon/02_Evolucao_LinhaDoTempo/150-equa-o-de-turing-5.pdf",
    "01_Canon/02_Evolucao_LinhaDoTempo/160-equa-o-de-turing-finalizada-1.pdf",
    "01_Canon/02_Evolucao_LinhaDoTempo/170-equa-o-de-turing-finalizada-2.pdf",
    "01_Canon/02_Evolucao_LinhaDoTempo/180-equa-o-de-turing-finalizada.pdf",
    "01_Canon/02_Evolucao_LinhaDoTempo/190-equa-o-de-turing-refinada-1.pdf",
    "01_Canon/02_Evolucao_LinhaDoTempo/20-advertorialsalvomemo-ria-co-pia.docx",
    "01_Canon/02_Evolucao_LinhaDoTempo/200-equa-o-de-turing-refinada-2.pdf",
    "01_Canon/02_Evolucao_LinhaDoTempo/210-equa-o-de-turing-refinada.docx",
    "01_Canon/02_Evolucao_LinhaDoTempo/220-equa-o-de-turing-refinada.pdf",
    "01_Canon/02_Evolucao_LinhaDoTempo/230-equa-o-de-turing.docx",
    "01_Canon/02_Evolucao_LinhaDoTempo/240-equa-o-de-turing-et-documento-final-integrado-1.pdf",
    "01_Canon/02_Evolucao_LinhaDoTempo/250-equa-o-de-turing-et-documento-final-integrado.pdf",
    "01_Canon/02_Evolucao_LinhaDoTempo/260-equac-a-o-de-turing-et.pdf",
    "01_Canon/02_Evolucao_LinhaDoTempo/270-equac-a-odeturing-1.docx",
    "01_Canon/02_Evolucao_LinhaDoTempo/280-equac-a-odeturing-2.pdf",
    "01_Canon/02_Evolucao_LinhaDoTempo/290-equac-a-odeturing-et-manualdefinitivo-co-pia.pdf",
    "01_Canon/02_Evolucao_LinhaDoTempo/30-advertorialsalvomemo-ria-1-co-pia.pdf",
    "01_Canon/02_Evolucao_LinhaDoTempo/300-equac-a-odeturing-et-manualdefinitivo.pdf",
    "01_Canon/02_Evolucao_LinhaDoTempo/310-equac-a-odeturingrefinada-co-pia.docx",
    "01_Canon/02_Evolucao_LinhaDoTempo/320-equac-a-odeturingrefinada-1-co-pia.pdf",
    "01_Canon/02_Evolucao_LinhaDoTempo/330-equac-a-odeturingrefinada-1.pdf",
    "01_Canon/02_Evolucao_LinhaDoTempo/340-equa-o-de-turing.pdf",
    "01_Canon/02_Evolucao_LinhaDoTempo/350-equa-o-de-turing-et-manual-definitivo.pdf",
    "01_Canon/02_Evolucao_LinhaDoTempo/360-explica-o-detalhada-da-equa-o-e-compara-o-com-abordagens-de-ia-de-2025.pdf",
    "01_Canon/02_Evolucao_LinhaDoTempo/370-introdu-o.pdf",
    "01_Canon/02_Evolucao_LinhaDoTempo/380-manual-t-cnico-transformando-uma-ia-pela-equa-o-de-turing-et.pdf",
    "01_Canon/02_Evolucao_LinhaDoTempo/390-mutacoes-de-turing.pdf",
    "01_Canon/02_Evolucao_LinhaDoTempo/40-advertorialsalvomemo-ria-1.pdf",
    "01_Canon/02_Evolucao_LinhaDoTempo/400-plano-t-cnico-para-a-equa-o-de-turing-refinada-et-em-uma-ia-aut-noma-de-evolu-o-cont-nua.pdf",
    "01_Canon/02_Evolucao_LinhaDoTempo/410-refinamento-iterativo-da-equa-o-de-turing-rumo-perfei-o.pdf",
    "01_Canon/02_Evolucao_LinhaDoTempo/420-relat-rio-final-integrado-teoria-da-equa-o-de-turing-et-e-et-1.pdf",
    "01_Canon/02_Evolucao_LinhaDoTempo/430-relat-rio-final-integrado-teoria-da-equa-o-de-turing-et-e-et.docx",
    "01_Canon/02_Evolucao_LinhaDoTempo/440-relat-rio-final-integrado-teoria-da-equa-o-de-turing-et-e-et.pdf",
    "01_Canon/02_Evolucao_LinhaDoTempo/450-salvar-arquivo-an-lise.pdf",
    "01_Canon/02_Evolucao_LinhaDoTempo/460-the-evolution-of-the-turing-equation-toward-perfection.pdf",
    "01_Canon/02_Evolucao_LinhaDoTempo/470-turing.pdf",
    "01_Canon/02_Evolucao_LinhaDoTempo/480-grok-report-1.pdf",
    "01_Canon/02_Evolucao_LinhaDoTempo/490-grok-report-2.pdf",
    "01_Canon/02_Evolucao_LinhaDoTempo/50-bestblueprint.pdf",
    "01_Canon/02_Evolucao_LinhaDoTempo/500-grok-report.pdf",
    "01_Canon/02_Evolucao_LinhaDoTempo/60-documento-sem-t-tulo.pdf",
    "01_Canon/02_Evolucao_LinhaDoTempo/70-evoluc-a-odaequac-a-o.pdf",
    "01_Canon/02_Evolucao_LinhaDoTempo/80-advertorial-salvo-mem-ria-1.pdf",
    "01_Canon/02_Evolucao_LinhaDoTempo/90-advertorial-salvo-mem-ria.docx"
  ],
  "invariantes": [
    "Nada será perdido",
    "Sem regressão crítica",
    "Loop safety",
    "Custo controlado",
    "Auditoria"
  ],
  "etomega_pesos": {
    "alpha": 0.2,
    "beta": 0.2,
    "gamma": 0.15,
    "delta": 0.1,
    "lambda": 0.35
  },
  "notes": "A ordem de evolução foi organizada para legibilidade por LLM; ajuste conforme desejar."
}