timestamp,E,N,I,iN,P,mode,reason
1755394984,0.559975,0.353276,0.791370,0.073704,0.839547,partial,demo
1755394984,0.559975,0.353276,0.791370,0.073704,0.559975,hard,demo
1755394984,0.521703,0.380285,0.819220,0.068748,0.833241,partial,demo
1755394984,0.521703,0.380285,0.819220,0.068748,0.521703,hard,demo
1755394984,0.563558,0.309314,0.670374,0.101958,0.770914,partial,demo
1755394984,0.563558,0.309314,0.670374,0.101958,0.563558,hard,demo
1755394984,0.507729,0.356066,0.764292,0.083928,0.779868,partial,demo
1755394984,0.507729,0.356066,0.764292,0.083928,0.507729,hard,demo
1755394984,0.806062,0.217026,0.768364,0.050271,0.972817,partial,demo
1755394984,0.806062,0.217026,0.768364,0.050271,0.806062,hard,demo
1755394984,0.786792,0.511517,0.596301,0.206499,1.091810,partial,demo
1755394984,0.786792,0.511517,0.596301,0.206499,0.786792,hard,demo
1755394984,0.855833,0.360344,0.644843,0.127979,1.088198,partial,demo
1755394984,0.855833,0.360344,0.644843,0.127979,0.855833,hard,demo
1755394984,0.453616,0.201400,0.735565,0.053257,0.601759,partial,demo
1755394984,0.453616,0.201400,0.735565,0.053257,0.453616,hard,demo
1755394984,0.801516,0.215470,0.743639,0.055238,0.961748,partial,demo
1755394984,0.801516,0.215470,0.743639,0.055238,0.801516,hard,demo
1755394984,0.481181,0.535039,0.711347,0.154441,0.861779,partial,demo
1755394984,0.481181,0.535039,0.711347,0.154441,0.481181,hard,demo
1755394984,0.692249,0.221248,0.734203,0.058807,0.854690,partial,demo
1755394984,0.692249,0.221248,0.734203,0.058807,0.692249,hard,demo
1755394984,0.768773,0.193129,0.534680,0.089867,0.872035,partial,demo
1755394984,0.768773,0.193129,0.534680,0.089867,0.768773,hard,demo
1755394984,0.717282,0.852152,0.849492,0.128256,1.441179,partial,demo
1755394984,0.717282,0.852152,0.849492,0.128256,0.717282,hard,demo
1755394984,0.756051,0.438733,0.778328,0.097255,1.097529,partial,demo
1755394984,0.756051,0.438733,0.778328,0.097255,0.756051,hard,demo
1755394984,0.650349,0.409726,0.624991,0.153651,0.906424,partial,demo
1755394984,0.650349,0.409726,0.624991,0.153651,0.650349,hard,demo
1755394984,0.781719,0.352980,0.714471,0.100786,1.033913,partial,demo
1755394984,0.781719,0.352980,0.714471,0.100786,0.781719,hard,demo
1755394984,0.357473,0.181712,0.692566,0.055864,0.483320,partial,demo
1755394984,0.357473,0.181712,0.692566,0.055864,0.357473,hard,demo
1755394984,0.283200,0.535282,0.840409,0.085426,0.733055,partial,demo
1755394984,0.283200,0.535282,0.840409,0.085426,0.283200,hard,demo
1755394984,0.580471,0.469540,0.840924,0.074692,0.975319,partial,demo
1755394984,0.580471,0.469540,0.840924,0.074692,0.580471,hard,demo
1755394984,0.536850,0.561132,0.799079,0.112743,0.985239,partial,demo
1755394984,0.536850,0.561132,0.799079,0.112743,0.536850,hard,demo
1755394984,0.699522,0.507657,0.784168,0.109569,1.097609,partial,demo
1755394984,0.699522,0.507657,0.784168,0.109569,0.699522,hard,demo
1755394984,0.488191,0.533618,0.625854,0.199651,0.822158,partial,demo
1755394984,0.488191,0.533618,0.625854,0.199651,0.488191,hard,demo
1755394984,0.506257,0.444891,0.710103,0.128973,0.822175,partial,demo
1755394984,0.506257,0.444891,0.710103,0.128973,0.506257,hard,demo
1755394984,0.425420,0.149786,0.690957,0.046290,0.528915,partial,demo
1755394984,0.425420,0.149786,0.690957,0.046290,0.425420,hard,demo
1755394984,0.600632,0.216996,0.878361,0.026395,0.791233,partial,demo
1755394984,0.600632,0.216996,0.878361,0.026395,0.600632,hard,demo
1755394984,0.710907,0.186888,0.690202,0.057897,0.839897,partial,demo
1755394984,0.710907,0.186888,0.690202,0.057897,0.710907,hard,demo
1755394984,0.660803,0.589677,0.623914,0.221769,1.028711,partial,demo
1755394984,0.660803,0.589677,0.623914,0.221769,0.660803,hard,demo
1755394984,0.401737,0.234705,0.858297,0.033258,0.603183,partial,demo
1755394984,0.401737,0.234705,0.858297,0.033258,0.401737,hard,demo
1755394984,0.334837,1.000000,0.633357,0.366643,0.968193,partial,demo
1755394984,0.334837,1.000000,0.633357,0.366643,0.334837,hard,demo
1755394984,0.539903,0.402028,0.573270,0.171557,0.770374,partial,demo
1755394984,0.539903,0.402028,0.573270,0.171557,0.539903,hard,demo
1755394984,0.833811,0.772867,0.814441,0.143412,1.463265,partial,demo
1755394984,0.833811,0.772867,0.814441,0.143412,0.833811,hard,demo
1755394984,0.833275,0.728135,0.758181,0.176077,1.385333,partial,demo
1755394984,0.833275,0.728135,0.758181,0.176077,0.833275,hard,demo
1755394984,0.656252,0.516485,0.787836,0.109580,1.063157,partial,demo
1755394984,0.656252,0.516485,0.787836,0.109580,0.656252,hard,demo
1755394984,0.557290,0.336328,0.814858,0.062268,0.831349,partial,demo
1755394984,0.557290,0.336328,0.814858,0.062268,0.557290,hard,demo
1755394984,0.451523,0.312123,0.851799,0.046257,0.717388,partial,demo
1755394984,0.451523,0.312123,0.851799,0.046257,0.451523,hard,demo
1755394984,0.677369,0.490989,0.669862,0.162094,1.006264,partial,demo
1755394984,0.677369,0.490989,0.669862,0.162094,0.677369,hard,demo
1755394984,0.619932,0.193676,0.666000,0.064688,0.748921,partial,demo
1755394984,0.619932,0.193676,0.666000,0.064688,0.619932,hard,demo
1755394984,0.741592,0.182273,0.714170,0.052099,0.871766,partial,demo
1755394984,0.741592,0.182273,0.714170,0.052099,0.741592,hard,demo
1755394984,0.561317,0.337419,0.607502,0.132436,0.766300,partial,demo
1755394984,0.561317,0.337419,0.607502,0.132436,0.561317,hard,demo
1755394984,0.453574,0.284148,0.831553,0.047864,0.689858,partial,demo
1755394984,0.453574,0.284148,0.831553,0.047864,0.453574,hard,demo
1755394984,0.486530,0.364429,0.694655,0.111277,0.739683,partial,demo
1755394984,0.486530,0.364429,0.694655,0.111277,0.486530,hard,demo
1755394984,0.659293,0.326442,0.808281,0.062585,0.923150,partial,demo
1755394984,0.659293,0.326442,0.808281,0.062585,0.659293,hard,demo
1755394984,0.687288,0.268301,0.592022,0.109461,0.846128,partial,demo
1755394984,0.687288,0.268301,0.592022,0.109461,0.687288,hard,demo
1755394984,0.567990,0.209481,0.835428,0.034475,0.742996,partial,demo
1755394984,0.567990,0.209481,0.835428,0.034475,0.567990,hard,demo
1755394984,0.618672,0.503261,0.468429,0.267519,0.854414,partial,demo
1755394984,0.618672,0.503261,0.468429,0.267519,0.618672,hard,demo
1755394984,0.575744,0.341323,0.768591,0.078985,0.838082,partial,demo
1755394984,0.575744,0.341323,0.768591,0.078985,0.575744,hard,demo
1755394984,0.749700,0.315686,0.705171,0.093074,0.972312,partial,demo
1755394984,0.749700,0.315686,0.705171,0.093074,0.749700,hard,demo
1755394984,1.000000,0.220944,0.779357,0.048750,1.172194,partial,demo
1755394984,1.000000,0.220944,0.779357,0.048750,1.000000,hard,demo
1755394984,0.912733,0.370692,0.682282,0.117776,1.165650,partial,demo
1755394984,0.912733,0.370692,0.682282,0.117776,0.912733,hard,demo
1755394984,0.639192,0.221642,0.818820,0.040157,0.820676,partial,demo
1755394984,0.639192,0.221642,0.818820,0.040157,0.639192,hard,demo
1755394984,0.512560,0.573079,0.668380,0.190045,0.895594,partial,demo
1755394984,0.512560,0.573079,0.668380,0.190045,0.512560,hard,demo
1755394984,0.785907,0.206184,0.661491,0.069795,0.922295,partial,demo
1755394984,0.785907,0.206184,0.661491,0.069795,0.785907,hard,demo
1755394984,0.722427,0.320668,0.771704,0.073207,0.969887,partial,demo
1755394984,0.722427,0.320668,0.771704,0.073207,0.722427,hard,demo
1755394984,0.454835,0.514942,0.819492,0.092951,0.876827,partial,demo
1755394984,0.454835,0.514942,0.819492,0.092951,0.454835,hard,demo
1755394984,0.739512,0.463390,0.578870,0.195147,1.007755,partial,demo
1755394984,0.739512,0.463390,0.578870,0.195147,0.739512,hard,demo
1755394984,0.622354,0.214696,0.727509,0.058503,0.778547,partial,demo
1755394984,0.622354,0.214696,0.727509,0.058503,0.622354,hard,demo
1755394984,0.719620,0.208629,0.707336,0.061058,0.867190,partial,demo
1755394984,0.719620,0.208629,0.707336,0.061058,0.719620,hard,demo
1755394984,0.487912,0.614939,0.870903,0.079387,1.023464,partial,demo
1755394984,0.487912,0.614939,0.870903,0.079387,0.487912,hard,demo
1755394984,0.670205,0.659879,0.621163,0.249986,1.080098,partial,demo
1755394984,0.670205,0.659879,0.621163,0.249986,0.670205,hard,demo
1755394984,0.673082,0.368028,0.805696,0.071509,0.969601,partial,demo
1755394984,0.673082,0.368028,0.805696,0.071509,0.673082,hard,demo
1755394984,0.556692,0.193606,0.759418,0.046578,0.703720,partial,demo
1755394984,0.556692,0.193606,0.759418,0.046578,0.556692,hard,demo
1755394984,0.709790,0.296448,0.679466,0.095022,0.911217,partial,demo
1755394984,0.709790,0.296448,0.679466,0.095022,0.709790,hard,demo
1755394984,0.350073,0.209051,0.739159,0.054529,0.504595,partial,demo
1755394984,0.350073,0.209051,0.739159,0.054529,0.350073,hard,demo
1755394984,0.556547,0.560424,0.944983,0.030833,1.086138,partial,demo
1755394984,0.556547,0.560424,0.944983,0.030833,0.556547,hard,demo
1755394984,0.612157,0.357850,0.608189,0.140210,0.829797,partial,demo
1755394984,0.612157,0.357850,0.608189,0.140210,0.612157,hard,demo
1755394984,1.000000,0.417317,0.658017,0.142715,1.274602,partial,demo
1755394984,1.000000,0.417317,0.658017,0.142715,1.000000,hard,demo
1755394984,0.714415,0.388323,0.700386,0.116347,0.986391,partial,demo
1755394984,0.714415,0.388323,0.700386,0.116347,0.714415,hard,demo
1755394984,0.797242,0.175313,0.721523,0.048821,0.923734,partial,demo
1755394984,0.797242,0.175313,0.721523,0.048821,0.797242,hard,demo
1755394984,0.596963,0.785553,0.747310,0.198501,1.184015,partial,demo
1755394984,0.596963,0.785553,0.747310,0.198501,0.596963,hard,demo
1755394984,0.701887,0.255567,0.925510,0.019037,0.938417,partial,demo
1755394984,0.701887,0.255567,0.925510,0.019037,0.701887,hard,demo
1755394984,0.655853,0.173839,0.637459,0.063024,0.766669,partial,demo
1755394984,0.655853,0.173839,0.637459,0.063024,0.655853,hard,demo
1755394984,0.857435,0.110584,0.730107,0.029846,0.938173,partial,demo
1755394984,0.857435,0.110584,0.730107,0.029846,0.857435,hard,demo
1755394984,0.526676,0.376226,0.651574,0.131087,0.771815,partial,demo
1755394984,0.526676,0.376226,0.651574,0.131087,0.526676,hard,demo
1755394984,0.708284,0.596672,0.690321,0.184777,1.120179,partial,demo
1755394984,0.708284,0.596672,0.690321,0.184777,0.708284,hard,demo
1755394984,0.713207,0.210782,0.615950,0.080951,0.843039,partial,demo
1755394984,0.713207,0.210782,0.615950,0.080951,0.713207,hard,demo
1755394984,0.723949,0.263075,0.702900,0.078160,0.908865,partial,demo
1755394984,0.723949,0.263075,0.702900,0.078160,0.723949,hard,demo
1755394984,0.611219,0.468019,0.641211,0.167920,0.911318,partial,demo
1755394984,0.611219,0.468019,0.641211,0.167920,0.611219,hard,demo
1755394984,0.832052,0.410346,0.754383,0.100788,1.141610,partial,demo
1755394984,0.832052,0.410346,0.754383,0.100788,0.832052,hard,demo
1755394984,0.591079,0.122211,0.848603,0.018502,0.694788,partial,demo
1755394984,0.591079,0.122211,0.848603,0.018502,0.591079,hard,demo
1755394984,0.435902,0.160846,0.739059,0.041971,0.554777,partial,demo
1755394984,0.435902,0.160846,0.739059,0.041971,0.435902,hard,demo
1755394984,0.568387,0.356864,0.749724,0.089314,0.835937,partial,demo
1755394984,0.568387,0.356864,0.749724,0.089314,0.568387,hard,demo
1755394984,0.594125,0.629756,0.723508,0.174122,1.049759,partial,demo
1755394984,0.594125,0.629756,0.723508,0.174122,0.594125,hard,demo
1755394984,1.000000,0.781474,0.829113,0.133544,1.647931,partial,demo
1755394984,1.000000,0.781474,0.829113,0.133544,1.000000,hard,demo
1755394984,0.746010,0.632009,0.823952,0.111264,1.266755,partial,demo
1755394984,0.746010,0.632009,0.823952,0.111264,0.746010,hard,demo
1755394984,0.340339,0.124215,0.844582,0.019305,0.445249,partial,demo
1755394984,0.340339,0.124215,0.844582,0.019305,0.340339,hard,demo
1755394984,0.627306,0.205343,0.566761,0.088962,0.743687,partial,demo
1755394984,0.627306,0.205343,0.566761,0.088962,0.627306,hard,demo
1755394984,0.781617,0.719387,0.552673,0.321801,1.179203,partial,demo
1755394984,0.781617,0.719387,0.552673,0.321801,0.781617,hard,demo
1755394984,0.827938,0.337203,0.721035,0.094068,1.071073,partial,demo
1755394984,0.827938,0.337203,0.721035,0.094068,0.827938,hard,demo
1755394984,0.708744,1.000000,0.694796,0.305204,1.403539,partial,demo
1755394984,0.708744,1.000000,0.694796,0.305204,0.708744,hard,demo
1755394984,0.532471,0.266579,0.796709,0.054193,0.744856,partial,demo
1755394984,0.532471,0.266579,0.796709,0.054193,0.532471,hard,demo
1755394984,0.679478,1.000000,0.588200,0.411800,1.267678,partial,demo
1755394984,0.679478,1.000000,0.588200,0.411800,0.679478,hard,demo
1755394984,0.766205,0.416164,0.664935,0.139442,1.042927,partial,demo
1755394984,0.766205,0.416164,0.664935,0.139442,0.766205,hard,demo
1755394984,0.565540,0.282064,0.656645,0.096848,0.750755,partial,demo
1755394984,0.565540,0.282064,0.656645,0.096848,0.565540,hard,demo
1755394984,0.686356,0.215601,0.679181,0.069169,0.832789,partial,demo
1755394984,0.686356,0.215601,0.679181,0.069169,0.686356,hard,demo
1755394984,0.394631,0.690499,0.648101,0.242986,0.842144,partial,demo
1755394984,0.394631,0.690499,0.648101,0.242986,0.394631,hard,demo
1755394984,0.621846,0.299314,0.731756,0.080289,0.840871,partial,demo
1755394984,0.621846,0.299314,0.731756,0.080289,0.621846,hard,demo
1755394984,0.553301,0.389075,0.690896,0.120265,0.822112,partial,demo
1755394984,0.553301,0.389075,0.690896,0.120265,0.553301,hard,demo
1755394984,0.608282,0.386497,0.646585,0.136594,0.858185,partial,demo
1755394984,0.608282,0.386497,0.646585,0.136594,0.608282,hard,demo
1755394984,0.571207,0.346618,0.776831,0.077355,0.840471,partial,demo
1755394984,0.571207,0.346618,0.776831,0.077355,0.571207,hard,demo
1755394984,0.505637,0.257895,0.739244,0.067248,0.696284,partial,demo
1755394984,0.505637,0.257895,0.739244,0.067248,0.505637,hard,demo
1755394984,0.509505,0.808558,0.685486,0.254303,1.063760,partial,demo
1755394984,0.509505,0.808558,0.685486,0.254303,0.509505,hard,demo
1755394984,0.433978,0.337730,0.732127,0.090469,0.681239,partial,demo
1755394984,0.433978,0.337730,0.732127,0.090469,0.433978,hard,demo
1755394984,0.697277,0.461896,0.685602,0.145219,1.013954,partial,demo
1755394984,0.697277,0.461896,0.685602,0.145219,0.697277,hard,demo
1755394984,0.893203,0.687927,0.778178,0.152597,1.428534,partial,demo
1755394984,0.893203,0.687927,0.778178,0.152597,0.893203,hard,demo
1755394984,0.710236,0.960830,0.706928,0.281592,1.389473,partial,demo
1755394984,0.710236,0.960830,0.706928,0.281592,0.710236,hard,demo
1755394984,0.669202,0.811568,0.740581,0.210536,1.270233,partial,demo
1755394984,0.669202,0.811568,0.740581,0.210536,0.669202,hard,demo
1755394984,0.586208,0.348823,0.468932,0.185249,0.749783,partial,demo
1755394984,0.586208,0.348823,0.468932,0.185249,0.586208,hard,demo
1755394984,0.617760,0.226664,0.667838,0.075289,0.769135,partial,demo
1755394984,0.617760,0.226664,0.667838,0.075289,0.617760,hard,demo
1755394984,0.619851,0.276077,0.499204,0.138258,0.757670,partial,demo
1755394984,0.619851,0.276077,0.499204,0.138258,0.619851,hard,demo
1755394984,0.755478,0.237626,0.798406,0.047904,0.945200,partial,demo
1755394984,0.755478,0.237626,0.798406,0.047904,0.755478,hard,demo
1755394984,0.443364,0.313925,0.646926,0.110839,0.646449,partial,demo
1755394984,0.443364,0.313925,0.646926,0.110839,0.443364,hard,demo
1755394984,0.618659,0.315906,0.738444,0.082627,0.851938,partial,demo
1755394984,0.618659,0.315906,0.738444,0.082627,0.618659,hard,demo
1755394984,0.559246,0.623701,0.705192,0.183872,0.999075,partial,demo
1755394984,0.559246,0.623701,0.705192,0.183872,0.559246,hard,demo
1755394984,0.711755,0.311320,0.685369,0.097951,0.925124,partial,demo
1755394984,0.711755,0.311320,0.685369,0.097951,0.711755,hard,demo
1755394984,0.621842,0.101341,0.770554,0.023252,0.699931,partial,demo
1755394984,0.621842,0.101341,0.770554,0.023252,0.621842,hard,demo
1755394984,0.982270,0.291661,0.480432,0.151538,1.122394,partial,demo
1755394984,0.982270,0.291661,0.480432,0.151538,0.982270,hard,demo
1755394984,0.506698,0.394373,0.596963,0.158947,0.742124,partial,demo
1755394984,0.506698,0.394373,0.596963,0.158947,0.506698,hard,demo
1755394984,0.718961,0.240333,0.814939,0.044476,0.914818,partial,demo
1755394984,0.718961,0.240333,0.814939,0.044476,0.718961,hard,demo
1755394984,0.592709,0.129505,0.811555,0.024404,0.697809,partial,demo
1755394984,0.592709,0.129505,0.811555,0.024404,0.592709,hard,demo
1755394984,0.620987,0.637940,0.635892,0.232279,1.026648,partial,demo
1755394984,0.620987,0.637940,0.635892,0.232279,0.620987,hard,demo
1755394984,0.452176,0.327815,0.800520,0.065392,0.714599,partial,demo
1755394984,0.452176,0.327815,0.800520,0.065392,0.452176,hard,demo
1755394984,0.762058,0.679542,0.609338,0.265472,1.176128,partial,demo
1755394984,0.762058,0.679542,0.609338,0.265472,0.762058,hard,demo
1755394984,0.680521,0.395987,0.659947,0.134657,0.941852,partial,demo
1755394984,0.680521,0.395987,0.659947,0.134657,0.680521,hard,demo
1755394984,0.673995,0.457076,0.777894,0.101519,1.029551,partial,demo
1755394984,0.673995,0.457076,0.777894,0.101519,0.673995,hard,demo
1755394984,0.603423,0.428552,0.676247,0.138745,0.893230,partial,demo
1755394984,0.603423,0.428552,0.676247,0.138745,0.603423,hard,demo
1755394984,0.879298,0.136599,0.747784,0.034452,0.981445,partial,demo
1755394984,0.879298,0.136599,0.747784,0.034452,0.879298,hard,demo
1755394984,0.709201,0.423603,0.790207,0.088869,1.043935,partial,demo
1755394984,0.709201,0.423603,0.790207,0.088869,0.709201,hard,demo
1755394984,0.622097,0.567946,0.731046,0.152751,1.037291,partial,demo
1755394984,0.622097,0.567946,0.731046,0.152751,0.622097,hard,demo
1755394984,0.547890,0.264814,0.596435,0.106870,0.705834,partial,demo
1755394984,0.547890,0.264814,0.596435,0.106870,0.547890,hard,demo
1755394984,1.000000,0.436173,0.685710,0.137085,1.299088,partial,demo
1755394984,1.000000,0.436173,0.685710,0.137085,1.000000,hard,demo
1755394984,0.565958,0.323754,0.792451,0.067195,0.822517,partial,demo
1755394984,0.565958,0.323754,0.792451,0.067195,0.565958,hard,demo
1755394984,0.460813,0.466645,0.591696,0.190533,0.736925,partial,demo
1755394984,0.460813,0.466645,0.591696,0.190533,0.460813,hard,demo
1755394984,0.607814,0.277917,0.449917,0.152877,0.732854,partial,demo
1755394984,0.607814,0.277917,0.449917,0.152877,0.607814,hard,demo
1755394984,0.809479,0.443767,0.725200,0.121947,1.131299,partial,demo
1755394984,0.809479,0.443767,0.725200,0.121947,0.809479,hard,demo
1755394984,0.320663,0.366500,0.778813,0.081065,0.606098,partial,demo
1755394984,0.320663,0.366500,0.778813,0.081065,0.320663,hard,demo
1755394984,0.608462,0.443187,0.627002,0.165307,0.886341,partial,demo
1755394984,0.608462,0.443187,0.627002,0.165307,0.608462,hard,demo
1755394984,0.119362,0.538593,0.774612,0.121392,0.536562,partial,demo
1755394984,0.119362,0.538593,0.774612,0.121392,0.119362,hard,demo
1755394984,0.685830,0.361402,0.496390,0.182005,0.865226,partial,demo
1755394984,0.685830,0.361402,0.496390,0.182005,0.685830,hard,demo
1755394984,0.575810,0.298581,0.852017,0.044185,0.830206,partial,demo
1755394984,0.575810,0.298581,0.852017,0.044185,0.575810,hard,demo
1755394984,0.459468,0.312714,0.625163,0.117217,0.654965,partial,demo
1755394984,0.459468,0.312714,0.625163,0.117217,0.459468,hard,demo
1755394984,0.465436,0.444468,0.730980,0.119571,0.790333,partial,demo
1755394984,0.465436,0.444468,0.730980,0.119571,0.465436,hard,demo
1755394984,0.697127,0.139249,0.696935,0.042201,0.794174,partial,demo
1755394984,0.697127,0.139249,0.696935,0.042201,0.697127,hard,demo
1755394984,0.755363,0.269311,0.738473,0.070432,0.954242,partial,demo
1755394984,0.755363,0.269311,0.738473,0.070432,0.755363,hard,demo
1755394984,0.767425,0.177602,0.628715,0.065941,0.879086,partial,demo
1755394984,0.767425,0.177602,0.628715,0.065941,0.767425,hard,demo
1755394984,0.577979,0.280110,0.794276,0.057625,0.800464,partial,demo
1755394984,0.577979,0.280110,0.794276,0.057625,0.577979,hard,demo
1755394984,0.982544,0.244482,0.638954,0.088269,1.138756,partial,demo
1755394984,0.982544,0.244482,0.638954,0.088269,0.982544,hard,demo
1755394984,0.592363,0.353050,0.706189,0.103730,0.841683,partial,demo
1755394984,0.592363,0.353050,0.706189,0.103730,0.592363,hard,demo
1755394984,0.907272,0.529340,0.757647,0.128287,1.308325,partial,demo
1755394984,0.907272,0.529340,0.757647,0.128287,0.907272,hard,demo
1755394984,0.402463,0.433373,0.832812,0.072455,0.763381,partial,demo
1755394984,0.402463,0.433373,0.832812,0.072455,0.402463,hard,demo
1755394984,0.510728,0.279514,0.778043,0.062040,0.728202,partial,demo
1755394984,0.510728,0.279514,0.778043,0.062040,0.510728,hard,demo
1755394984,0.754874,0.221392,0.701273,0.066136,0.910130,partial,demo
1755394984,0.754874,0.221392,0.701273,0.066136,0.754874,hard,demo
1755394984,0.544804,0.240284,0.583668,0.100038,0.685050,partial,demo
1755394984,0.544804,0.240284,0.583668,0.100038,0.544804,hard,demo
1755394984,0.456631,0.263551,0.822077,0.046892,0.673290,partial,demo
1755394984,0.456631,0.263551,0.822077,0.046892,0.456631,hard,demo
1755394984,0.640957,0.601568,0.591112,0.245974,0.996551,partial,demo
1755394984,0.640957,0.601568,0.591112,0.245974,0.640957,hard,demo
1755394984,0.360422,0.704158,0.755533,0.172143,0.892437,partial,demo
1755394984,0.360422,0.704158,0.755533,0.172143,0.360422,hard,demo
1755394984,0.762794,0.555859,0.873844,0.070125,1.248527,partial,demo
1755394984,0.762794,0.555859,0.873844,0.070125,0.762794,hard,demo
1755394984,0.772773,0.477379,0.585583,0.197834,1.052318,partial,demo
1755394984,0.772773,0.477379,0.585583,0.197834,0.772773,hard,demo
1755394984,0.495722,0.305716,0.750571,0.076254,0.725183,partial,demo
1755394984,0.495722,0.305716,0.750571,0.076254,0.495722,hard,demo
1755394984,0.505378,0.314363,0.728673,0.085295,0.734446,partial,demo
1755394984,0.505378,0.314363,0.728673,0.085295,0.505378,hard,demo
1755394984,0.567618,0.359275,0.599144,0.144018,0.782876,partial,demo
1755394984,0.567618,0.359275,0.599144,0.144018,0.567618,hard,demo
1755394984,0.415987,0.616703,0.831248,0.104070,0.928620,partial,demo
1755394984,0.415987,0.616703,0.831248,0.104070,0.415987,hard,demo
1755394984,0.789092,0.548448,0.632992,0.201285,1.136255,partial,demo
1755394984,0.789092,0.548448,0.632992,0.201285,0.789092,hard,demo
1755394984,0.705737,1.000000,0.841309,0.158691,1.547046,partial,demo
1755394984,0.705737,1.000000,0.841309,0.158691,0.705737,hard,demo
1755394984,0.615615,0.243276,0.736265,0.064161,0.794730,partial,demo
1755394984,0.615615,0.243276,0.736265,0.064161,0.615615,hard,demo
1755394984,0.518278,0.188458,0.808511,0.036088,0.670649,partial,demo
1755394984,0.518278,0.188458,0.808511,0.036088,0.518278,hard,demo
1755394984,0.843831,0.476612,0.829170,0.081420,1.239023,partial,demo
1755394984,0.843831,0.476612,0.829170,0.081420,0.843831,hard,demo
1755394984,0.832594,0.190575,0.680587,0.060872,0.962297,partial,demo
1755394984,0.832594,0.190575,0.680587,0.060872,0.832594,hard,demo
1755394984,0.846492,0.177270,0.624789,0.066514,0.957249,partial,demo
1755394984,0.846492,0.177270,0.624789,0.066514,0.846492,hard,demo
1755394984,0.715495,0.831673,0.661569,0.281464,1.265704,partial,demo
1755394984,0.715495,0.831673,0.661569,0.281464,0.715495,hard,demo
1755394984,0.738817,0.199599,0.723048,0.055279,0.883137,partial,demo
1755394984,0.738817,0.199599,0.723048,0.055279,0.738817,hard,demo
1755394984,0.636577,0.717412,0.758295,0.173402,1.180586,partial,demo
1755394984,0.636577,0.717412,0.758295,0.173402,0.636577,hard,demo
1755394984,0.608050,0.318166,0.733291,0.084858,0.841359,partial,demo
1755394984,0.608050,0.318166,0.733291,0.084858,0.608050,hard,demo
1755394984,0.933982,1.000000,0.685471,0.314529,1.619454,partial,demo
1755394984,0.933982,1.000000,0.685471,0.314529,0.933982,hard,demo
1755394984,0.688876,0.315235,0.663134,0.106192,0.897919,partial,demo
1755394984,0.688876,0.315235,0.663134,0.106192,0.688876,hard,demo
1755394984,0.453951,0.455137,0.529388,0.214193,0.694895,partial,demo
1755394984,0.453951,0.455137,0.529388,0.214193,0.453951,hard,demo
1755394984,0.667601,0.547122,0.676638,0.176918,1.037805,partial,demo
1755394984,0.667601,0.547122,0.676638,0.176918,0.667601,hard,demo
1755394984,0.977205,0.452359,0.595954,0.182774,1.246791,partial,demo
1755394984,0.977205,0.452359,0.595954,0.182774,0.977205,hard,demo
1755394984,0.804072,0.433456,0.748830,0.108871,1.128657,partial,demo
1755394984,0.804072,0.433456,0.748830,0.108871,0.804072,hard,demo
1755394984,0.682126,0.599749,0.628341,0.222902,1.058973,partial,demo
1755394984,0.682126,0.599749,0.628341,0.222902,0.682126,hard,demo
1755394984,0.508002,0.395744,0.879997,0.047490,0.856256,partial,demo
1755394984,0.508002,0.395744,0.879997,0.047490,0.508002,hard,demo
1755394984,0.689564,0.432319,0.791254,0.090245,1.031638,partial,demo
1755394984,0.689564,0.432319,0.791254,0.090245,0.689564,hard,demo
1755394984,0.403631,0.890038,0.599893,0.356110,0.937559,partial,demo
1755394984,0.403631,0.890038,0.599893,0.356110,0.403631,hard,demo
1755394984,0.465022,0.460148,0.636641,0.167199,0.757971,partial,demo
1755394984,0.465022,0.460148,0.636641,0.167199,0.465022,hard,demo
1755394984,0.522613,0.348748,0.706568,0.102334,0.769028,partial,demo
1755394984,0.522613,0.348748,0.706568,0.102334,0.522613,hard,demo
1755394984,0.912738,0.248085,0.884375,0.028685,1.132139,partial,demo
1755394984,0.912738,0.248085,0.884375,0.028685,0.912738,hard,demo
1755394984,0.460473,0.225950,0.753300,0.055742,0.630681,partial,demo
1755394984,0.460473,0.225950,0.753300,0.055742,0.460473,hard,demo
1755394984,0.711343,0.178998,0.611334,0.069570,0.820770,partial,demo
1755394984,0.711343,0.178998,0.611334,0.069570,0.711343,hard,demo
1755394984,0.521205,0.116616,0.824848,0.020426,0.617396,partial,demo
1755394984,0.521205,0.116616,0.824848,0.020426,0.521205,hard,demo
1755394984,0.557594,0.399823,0.760834,0.095624,0.861793,partial,demo
1755394984,0.557594,0.399823,0.760834,0.095624,0.557594,hard,demo
1755394984,0.839817,0.208964,0.713786,0.059808,0.988972,partial,demo
1755394984,0.839817,0.208964,0.713786,0.059808,0.839817,hard,demo
1755394984,0.623101,0.796667,0.734476,0.211535,1.208234,partial,demo
1755394984,0.623101,0.796667,0.734476,0.211535,0.623101,hard,demo
1755394984,0.701307,0.525192,0.696236,0.159534,1.066965,partial,demo
1755394984,0.701307,0.525192,0.696236,0.159534,0.701307,hard,demo
1755394984,0.663353,0.382671,0.532119,0.179045,0.866980,partial,demo
1755394984,0.663353,0.382671,0.532119,0.179045,0.663353,hard,demo
1755394984,0.507055,0.373583,0.753419,0.092119,0.788519,partial,demo
1755394984,0.507055,0.373583,0.753419,0.092119,0.507055,hard,demo
1755394984,0.647776,0.486059,0.754960,0.119104,1.014732,partial,demo
1755394984,0.647776,0.486059,0.754960,0.119104,0.647776,hard,demo
1755394984,0.655825,0.305830,0.709305,0.088903,0.872751,partial,demo
1755394984,0.655825,0.305830,0.709305,0.088903,0.655825,hard,demo
1755394984,0.585847,0.320945,0.674909,0.104336,0.802456,partial,demo
1755394984,0.585847,0.320945,0.674909,0.104336,0.585847,hard,demo
1755394984,0.889494,0.274469,0.682146,0.087241,1.076722,partial,demo
1755394984,0.889494,0.274469,0.682146,0.087241,0.889494,hard,demo
1755394984,0.569909,0.134491,0.591799,0.054899,0.649500,partial,demo
1755394984,0.569909,0.134491,0.591799,0.054899,0.569909,hard,demo
1755394984,0.616048,0.470338,0.886514,0.053377,1.033009,partial,demo
1755394984,0.616048,0.470338,0.886514,0.053377,0.616048,hard,demo
